template,instances,runs_ok::default,runs_ok::adaptive,runs_ok::derived-resource,runs_ok::derived-resource-v2,runs_ok::derived-resource-v3,results_mismatch,hash_mismatch,nondeterministic,no_data,status
interactive-discover-1,5,30/30,30/30,30/30,30/30,30/30,0,0,0,0,match
interactive-discover-2,5,30/30,30/30,30/30,0/30,30/30,0,0,0,5,no data
interactive-discover-3,5,28/30,30/30,30/30,0/30,30/30,0,0,0,5,no data
interactive-discover-4,5,30/30,30/30,30/30,0/30,30/30,0,0,0,5,no data
interactive-discover-5,5,30/30,30/30,30/30,30/30,30/30,0,0,0,0,match
interactive-discover-6,5,19/30,30/30,25/30,30/30,30/30,0,0,0,1,no data
interactive-discover-7,5,18/30,18/30,18/30,18/30,18/30,0,0,0,2,no data
interactive-discover-8,5,30/30,27/30,30/30,0/30,30/30,0,0,5,5,no data
interactive-short-1,5,30/30,30/30,30/30,0/30,30/30,0,0,0,5,no data
interactive-short-2,5,0/30,0/30,0/30,0/30,0/30,0,0,0,5,no data
interactive-short-3,5,0/30,0/30,0/30,0/30,0/30,0,0,0,5,no data
interactive-short-4,5,30/30,30/30,30/30,30/30,30/30,0,0,0,0,match
interactive-short-5,5,30/30,30/30,30/30,30/30,30/30,5,5,0,0,MISMATCH
interactive-short-6,5,0/30,0/30,0/30,0/30,0/30,0,0,0,5,no data
interactive-short-7,5,0/30,0/30,0/30,0/30,0/30,0,0,0,5,no data
