template,engine,instances,instance_share,spread_factor,run_noise_factor,slowest_instance,fastest_instance
interactive-discover-1,default,5,0.824,2.18,1.18,0,2
interactive-discover-1,adaptive,5,0.294,1.24,1.22,0,2
interactive-discover-1,derived-resource,5,0.428,1.47,1.3,0,2
interactive-discover-1,derived-resource-v2,5,0.434,1.57,1.32,0,2
interactive-discover-1,derived-resource-v3,5,0.745,2.3,1.29,0,2
interactive-discover-2,default,5,0.972,2.63,1.08,4,2
interactive-discover-2,adaptive,5,0.762,1.3,1.06,0,3
interactive-discover-2,derived-resource,5,0.673,1.54,1.15,0,2
interactive-discover-2,derived-resource-v3,5,0.711,2.04,1.25,0,2
interactive-discover-3,default,5,0.992,2.01,1.02,3,2
interactive-discover-3,adaptive,5,0.989,1.99,1.03,3,2
interactive-discover-3,derived-resource,5,0.996,2.03,1.02,3,2
interactive-discover-3,derived-resource-v3,5,0.994,2.04,1.02,3,2
interactive-discover-4,default,5,0.887,2.21,1.13,0,2
interactive-discover-4,adaptive,5,0.483,1.28,1.14,0,3
interactive-discover-4,derived-resource,5,0.852,1.71,1.12,0,1
interactive-discover-4,derived-resource-v3,5,0.875,2.15,1.16,4,1
interactive-discover-5,default,5,0.543,1.68,1.21,0,3
interactive-discover-5,adaptive,5,0.564,1.36,1.15,0,3
interactive-discover-5,derived-resource,5,0.969,1.55,1.04,0,2
interactive-discover-5,derived-resource-v2,5,0.7,1.43,1.14,0,1
interactive-discover-5,derived-resource-v3,5,0.99,1.86,1.03,0,2
interactive-discover-6,default,4,0.997,87.71,1.12,3,2
interactive-discover-6,adaptive,5,1.0,66.29,1.02,0,2
interactive-discover-6,derived-resource,5,1.0,155.39,1.05,3,2
interactive-discover-6,derived-resource-v2,5,1.0,100.72,1.05,0,2
interactive-discover-6,derived-resource-v3,5,1.0,186.42,1.03,0,1
interactive-discover-7,default,3,0.994,3.86,1.05,4,2
interactive-discover-7,adaptive,3,0.734,1.67,1.16,4,2
interactive-discover-7,derived-resource,3,0.469,1.74,1.34,4,2
interactive-discover-7,derived-resource-v2,3,0.495,1.62,1.3,4,2
interactive-discover-7,derived-resource-v3,3,0.846,2.86,1.31,4,2
interactive-discover-8,default,5,0.982,6.16,1.11,3,1
interactive-discover-8,adaptive,5,0.849,11.28,1.51,2,1
interactive-discover-8,derived-resource,5,0.934,5.67,1.2,0,2
interactive-discover-8,derived-resource-v3,5,0.728,4.06,1.42,3,1
interactive-short-1,default,5,0.345,1.38,1.35,0,3
interactive-short-1,adaptive,5,0.439,1.5,1.17,0,3
interactive-short-1,derived-resource,5,0.221,1.33,1.42,0,2
interactive-short-1,derived-resource-v3,5,0.948,1.86,1.07,0,2
interactive-short-4,default,5,0.909,3.13,1.2,3,0
interactive-short-4,adaptive,5,0.92,3.22,1.18,3,0
interactive-short-4,derived-resource,5,0.153,2.77,2.13,3,1
interactive-short-4,derived-resource-v2,5,0.924,2.9,1.16,3,0
interactive-short-4,derived-resource-v3,5,0.088,2.59,4.1,3,0
interactive-short-5,default,5,0.999,45.44,1.05,2,3
interactive-short-5,adaptive,5,0.999,32.02,1.04,2,3
interactive-short-5,derived-resource,5,0.145,2.01,2.46,2,3
interactive-short-5,derived-resource-v2,5,0.302,1.92,1.78,2,3
interactive-short-5,derived-resource-v3,5,0.418,2.54,1.63,2,3
