engine,template,instance,value,runs
adaptive,interactive-discover-1,0,2042.5,6
adaptive,interactive-discover-1,1,1753.0,6
adaptive,interactive-discover-1,2,1649.5,6
adaptive,interactive-discover-1,3,1700.5,6
adaptive,interactive-discover-1,4,1894.5,6
adaptive,interactive-discover-2,0,1908.0,6
adaptive,interactive-discover-2,1,1644.5,6
adaptive,interactive-discover-2,2,1532.0,6
adaptive,interactive-discover-2,3,1467.0,6
adaptive,interactive-discover-2,4,1764.0,6
adaptive,interactive-discover-3,0,97093.5,6
adaptive,interactive-discover-3,1,97814.0,6
adaptive,interactive-discover-3,2,80692.5,6
adaptive,interactive-discover-3,3,160384.0,6
adaptive,interactive-discover-3,4,114458.0,6
adaptive,interactive-discover-4,0,1831.0,6
adaptive,interactive-discover-4,1,1523.5,6
adaptive,interactive-discover-4,2,1469.5,6
adaptive,interactive-discover-4,3,1432.5,6
adaptive,interactive-discover-4,4,1814.5,6
adaptive,interactive-discover-5,0,1706.5,6
adaptive,interactive-discover-5,1,1489.0,6
adaptive,interactive-discover-5,2,1383.0,6
adaptive,interactive-discover-5,3,1257.5,6
adaptive,interactive-discover-5,4,1624.0,6
adaptive,interactive-discover-6,0,115911.0,6
adaptive,interactive-discover-6,1,1896.5,6
adaptive,interactive-discover-6,2,1748.5,6
adaptive,interactive-discover-6,3,113441.0,6
adaptive,interactive-discover-6,4,2041.5,6
adaptive,interactive-discover-7,1,2535.5,6
adaptive,interactive-discover-7,2,1828.0,6
adaptive,interactive-discover-7,4,3060.0,6
adaptive,interactive-discover-8,0,4339.0,3
adaptive,interactive-discover-8,1,761.5,6
adaptive,interactive-discover-8,2,8589.0,6
adaptive,interactive-discover-8,3,2204.0,6
adaptive,interactive-discover-8,4,835.0,6
adaptive,interactive-short-1,0,1898.5,6
adaptive,interactive-short-1,1,1562.5,6
adaptive,interactive-short-1,2,1399.0,6
adaptive,interactive-short-1,3,1265.0,6
adaptive,interactive-short-1,4,1770.0,6
adaptive,interactive-short-4,0,215.0,6
adaptive,interactive-short-4,1,225.5,6
adaptive,interactive-short-4,2,508.0,6
adaptive,interactive-short-4,3,692.5,6
adaptive,interactive-short-4,4,225.5,6
adaptive,interactive-short-5,0,6147.5,6
adaptive,interactive-short-5,1,12564.5,6
adaptive,interactive-short-5,2,46971.0,6
adaptive,interactive-short-5,3,1467.0,6
adaptive,interactive-short-5,4,5742.0,6
default,interactive-discover-1,0,2882.0,6
default,interactive-discover-1,1,1530.0,6
default,interactive-discover-1,2,1321.0,6
default,interactive-discover-1,3,1635.0,6
default,interactive-discover-1,4,2700.5,6
default,interactive-discover-2,0,2727.5,6
default,interactive-discover-2,1,1238.5,6
default,interactive-discover-2,2,1108.0,6
default,interactive-discover-2,3,1794.0,6
default,interactive-discover-2,4,2917.0,6
default,interactive-discover-3,0,97573.0,6
default,interactive-discover-3,1,98043.5,6
default,interactive-discover-3,2,81369.0,6
default,interactive-discover-3,3,163758.0,5
default,interactive-discover-3,4,115800.0,5
default,interactive-discover-4,0,2413.5,6
default,interactive-discover-4,1,1271.5,6
default,interactive-discover-4,2,1091.5,6
default,interactive-discover-4,3,1494.0,6
default,interactive-discover-4,4,2275.5,6
default,interactive-discover-5,0,1674.0,6
default,interactive-discover-5,1,1117.5,6
default,interactive-discover-5,2,1001.0,6
default,interactive-discover-5,3,996.5,6
default,interactive-discover-5,4,1510.0,6
default,interactive-discover-6,1,2631.0,6
default,interactive-discover-6,2,1590.5,6
default,interactive-discover-6,3,139503.0,1
default,interactive-discover-6,4,5703.0,6
default,interactive-discover-7,1,2679.0,6
default,interactive-discover-7,2,1598.5,6
default,interactive-discover-7,4,6167.5,6
default,interactive-discover-8,0,8137.5,6
default,interactive-discover-8,1,7571.5,6
default,interactive-discover-8,2,29520.0,6
default,interactive-discover-8,3,46667.5,6
default,interactive-discover-8,4,20866.0,6
default,interactive-short-1,0,1538.5,6
default,interactive-short-1,1,1240.5,6
default,interactive-short-1,2,1126.0,6
default,interactive-short-1,3,1112.5,6
default,interactive-short-1,4,1437.5,6
default,interactive-short-4,0,215.0,6
default,interactive-short-4,1,226.0,6
default,interactive-short-4,2,501.5,6
default,interactive-short-4,3,672.5,6
default,interactive-short-4,4,229.0,6
default,interactive-short-5,0,5625.0,6
default,interactive-short-5,1,12330.5,6
default,interactive-short-5,2,44371.5,6
default,interactive-short-5,3,976.5,6
default,interactive-short-5,4,5088.5,6
derived-resource,interactive-discover-1,0,1879.0,6
derived-resource,interactive-discover-1,1,1290.0,6
derived-resource,interactive-discover-1,2,1278.0,6
derived-resource,interactive-discover-1,3,1294.0,6
derived-resource,interactive-discover-1,4,1719.0,6
derived-resource,interactive-discover-2,0,1881.0,6
derived-resource,interactive-discover-2,1,1280.0,6
derived-resource,interactive-discover-2,2,1220.0,6
derived-resource,interactive-discover-2,3,1275.5,6
derived-resource,interactive-discover-2,4,1791.5,6
derived-resource,interactive-discover-3,0,96126.5,6
derived-resource,interactive-discover-3,1,95844.5,6
derived-resource,interactive-discover-3,2,78990.0,6
derived-resource,interactive-discover-3,3,160668.0,6
derived-resource,interactive-discover-3,4,113367.5,6
derived-resource,interactive-discover-4,0,1924.0,6
derived-resource,interactive-discover-4,1,1122.0,6
derived-resource,interactive-discover-4,2,1135.5,6
derived-resource,interactive-discover-4,3,1234.5,6
derived-resource,interactive-discover-4,4,1917.5,6
derived-resource,interactive-discover-5,0,1635.0,6
derived-resource,interactive-discover-5,1,1073.0,6
derived-resource,interactive-discover-5,2,1051.5,6
derived-resource,interactive-discover-5,3,1094.0,6
derived-resource,interactive-discover-5,4,1569.0,6
derived-resource,interactive-discover-6,0,158177.5,6
derived-resource,interactive-discover-6,1,1196.5,6
derived-resource,interactive-discover-6,2,1150.0,6
derived-resource,interactive-discover-6,3,178702.0,1
derived-resource,interactive-discover-6,4,3110.5,6
derived-resource,interactive-discover-7,1,3169.0,6
derived-resource,interactive-discover-7,2,1980.0,6
derived-resource,interactive-discover-7,4,3451.5,6
derived-resource,interactive-discover-8,0,5698.0,6
derived-resource,interactive-discover-8,1,1126.0,6
derived-resource,interactive-discover-8,2,1004.5,6
derived-resource,interactive-discover-8,3,2239.0,6
derived-resource,interactive-discover-8,4,1260.5,6
derived-resource,interactive-short-1,0,2300.0,6
derived-resource,interactive-short-1,1,1763.5,6
derived-resource,interactive-short-1,2,1731.5,6
derived-resource,interactive-short-1,3,1810.0,6
derived-resource,interactive-short-1,4,2197.0,6
derived-resource,interactive-short-4,0,409.0,6
derived-resource,interactive-short-4,1,330.5,6
derived-resource,interactive-short-4,2,773.5,6
derived-resource,interactive-short-4,3,914.0,6
derived-resource,interactive-short-4,4,333.0,6
derived-resource,interactive-short-5,0,1402.0,6
derived-resource,interactive-short-5,1,1432.0,6
derived-resource,interactive-short-5,2,2601.0,6
derived-resource,interactive-short-5,3,1291.5,6
derived-resource,interactive-short-5,4,1882.5,6
derived-resource-v2,interactive-discover-1,0,2091.0,6
derived-resource-v2,interactive-discover-1,1,1350.0,6
derived-resource-v2,interactive-discover-1,2,1334.0,6
derived-resource-v2,interactive-discover-1,3,1358.5,6
derived-resource-v2,interactive-discover-1,4,1771.5,6
derived-resource-v2,interactive-discover-5,0,1657.5,6
derived-resource-v2,interactive-discover-5,1,1156.0,6
derived-resource-v2,interactive-discover-5,2,1178.0,6
derived-resource-v2,interactive-discover-5,3,1191.5,6
derived-resource-v2,interactive-discover-5,4,1523.0,6
derived-resource-v2,interactive-discover-6,0,124995.5,6
derived-resource-v2,interactive-discover-6,1,1267.5,6
derived-resource-v2,interactive-discover-6,2,1241.0,6
derived-resource-v2,interactive-discover-6,3,123373.0,6
derived-resource-v2,interactive-discover-6,4,1736.5,6
derived-resource-v2,interactive-discover-7,1,2207.0,6
derived-resource-v2,interactive-discover-7,2,1759.0,6
derived-resource-v2,interactive-discover-7,4,2841.5,6
derived-resource-v2,interactive-short-4,0,231.0,6
derived-resource-v2,interactive-short-4,1,251.0,6
derived-resource-v2,interactive-short-4,2,530.5,6
derived-resource-v2,interactive-short-4,3,669.0,6
derived-resource-v2,interactive-short-4,4,245.0,6
derived-resource-v2,interactive-short-5,0,1455.5,6
derived-resource-v2,interactive-short-5,1,1523.5,6
derived-resource-v2,interactive-short-5,2,2422.5,6
derived-resource-v2,interactive-short-5,3,1261.5,6
derived-resource-v2,interactive-short-5,4,1895.0,6
derived-resource-v3,interactive-discover-1,0,1482.0,6
derived-resource-v3,interactive-discover-1,1,669.0,6
derived-resource-v3,interactive-discover-1,2,644.5,6
derived-resource-v3,interactive-discover-1,3,759.5,6
derived-resource-v3,interactive-discover-1,4,1306.5,6
derived-resource-v3,interactive-discover-2,0,1306.0,6
derived-resource-v3,interactive-discover-2,1,659.0,6
derived-resource-v3,interactive-discover-2,2,640.0,6
derived-resource-v3,interactive-discover-2,3,769.0,6
derived-resource-v3,interactive-discover-2,4,1164.0,6
derived-resource-v3,interactive-discover-3,0,100745.5,6
derived-resource-v3,interactive-discover-3,1,99005.5,6
derived-resource-v3,interactive-discover-3,2,82502.0,6
derived-resource-v3,interactive-discover-3,3,168262.0,6
derived-resource-v3,interactive-discover-3,4,118004.0,6
derived-resource-v3,interactive-discover-4,0,1226.0,6
derived-resource-v3,interactive-discover-4,1,624.5,6
derived-resource-v3,interactive-discover-4,2,627.5,6
derived-resource-v3,interactive-discover-4,3,736.5,6
derived-resource-v3,interactive-discover-4,4,1340.5,6
derived-resource-v3,interactive-discover-5,0,1073.0,6
derived-resource-v3,interactive-discover-5,1,600.0,6
derived-resource-v3,interactive-discover-5,2,576.5,6
derived-resource-v3,interactive-discover-5,3,629.5,6
derived-resource-v3,interactive-discover-5,4,985.5,6
derived-resource-v3,interactive-discover-6,0,115765.5,6
derived-resource-v3,interactive-discover-6,1,621.0,6
derived-resource-v3,interactive-discover-6,2,623.0,6
derived-resource-v3,interactive-discover-6,3,114403.5,6
derived-resource-v3,interactive-discover-6,4,1121.5,6
derived-resource-v3,interactive-discover-7,1,1196.5,6
derived-resource-v3,interactive-discover-7,2,780.0,6
derived-resource-v3,interactive-discover-7,4,2229.0,6
derived-resource-v3,interactive-discover-8,0,678.0,6
derived-resource-v3,interactive-discover-8,1,330.5,6
derived-resource-v3,interactive-discover-8,2,347.5,6
derived-resource-v3,interactive-discover-8,3,1342.0,6
derived-resource-v3,interactive-discover-8,4,498.5,6
derived-resource-v3,interactive-short-1,0,1306.5,6
derived-resource-v3,interactive-short-1,1,724.0,6
derived-resource-v3,interactive-short-1,2,702.5,6
derived-resource-v3,interactive-short-1,3,805.5,6
derived-resource-v3,interactive-short-1,4,1192.0,6
derived-resource-v3,interactive-short-4,0,281.0,6
derived-resource-v3,interactive-short-4,1,281.5,6
derived-resource-v3,interactive-short-4,2,648.5,6
derived-resource-v3,interactive-short-4,3,727.5,6
derived-resource-v3,interactive-short-4,4,324.5,6
derived-resource-v3,interactive-short-5,0,1093.0,6
derived-resource-v3,interactive-short-5,1,1101.5,6
derived-resource-v3,interactive-short-5,2,2328.5,6
derived-resource-v3,interactive-short-5,3,916.5,6
derived-resource-v3,interactive-short-5,4,1716.0,6
