template,geomean::default,pooled_median::default,instance_range::default,geo_sd::default,geomean::adaptive,pooled_median::adaptive,instance_range::adaptive,geo_sd::adaptive,geomean::derived-resource,pooled_median::derived-resource,instance_range::derived-resource,geo_sd::derived-resource,geomean::derived-resource-v2,pooled_median::derived-resource-v2,instance_range::derived-resource-v2,geo_sd::derived-resource-v2,geomean::derived-resource-v3,pooled_median::derived-resource-v3,instance_range::derived-resource-v3,geo_sd::derived-resource-v3,vs_default::adaptive,vs_default::derived-resource,vs_default::derived-resource-v2,vs_default::derived-resource-v3
interactive-discover-1,1914.5,1730.5,1321-2882,1.42,1802.5,1801.0,1650-2042,1.09,1471.1,1654.0,1278-1879,1.2,1554.0,1559.5,1334-2091,1.23,912.9,844.0,644-1482,1.48,0.94,0.77,0.81,0.48
interactive-discover-2,1813.0,1794.0,1108-2917,1.56,1655.6,1674.5,1467-1908,1.11,1463.4,1360.5,1220-1881,1.23,,,-,,868.1,783.5,640-1306,1.39,0.91,0.81,,0.48
interactive-discover-3,108099.5,98597.0,81369-163758,1.3,107064.7,98258.0,80692-160384,1.29,105798.6,96781.5,78990-160668,1.31,,,-,,110318.0,101121.5,82502-168262,1.31,0.99,0.98,,1.02
interactive-discover-4,1626.6,1546.0,1092-2414,1.42,1605.1,1670.5,1432-1831,1.13,1421.4,1296.5,1122-1924,1.32,,,-,,861.4,760.5,624-1340,1.45,0.99,0.87,,0.53
interactive-discover-5,1230.2,1151.0,996-1674,1.27,1483.1,1489.0,1258-1706,1.13,1259.3,1106.0,1052-1635,1.25,1325.8,1238.5,1156-1658,1.18,745.5,629.5,576-1073,1.35,1.21,1.02,1.08,0.61
interactive-discover-6,7596.0,2669.0,1590-139503,7.46,9770.0,2041.5,1748-115911,9.48,10388.3,3068.0,1150-178702,13.1,8412.0,1736.5,1241-124996,11.72,5647.8,1121.5,621-115766,15.84,1.29,1.37,1.11,0.74
interactive-discover-7,2978.0,2679.0,1598-6168,1.98,2420.6,2549.5,1828-3060,1.3,2787.4,2826.5,1980-3452,1.35,2226.1,2207.0,1759-2842,1.27,1276.6,1196.5,780-2229,1.7,0.81,0.94,0.75,0.43
interactive-discover-8,17768.4,20866.0,7572-46668,2.22,2205.9,1971.0,762-8589,2.85,1786.3,1459.0,1004-5698,2.05,,,-,,553.8,556.5,330-1342,1.78,0.12,0.1,,0.03
interactive-short-1,1280.1,1293.5,1112-1538,1.16,1561.8,1646.5,1265-1898,1.18,1946.3,1886.0,1732-2300,1.14,,,-,,914.0,813.5,702-1306,1.34,1.22,1.52,,0.71
interactive-short-2,,,-,,,,-,,,,-,,,,-,,,,-,,,,,
interactive-short-3,,,-,,,,-,,,,-,,,,-,,,,-,,,,,
interactive-short-4,327.2,234.5,215-672,1.71,328.9,242.5,215-692,1.73,501.8,677.0,330-914,1.62,347.1,267.5,231-669,1.65,413.6,480.5,281-728,1.6,1.0,1.53,1.06,1.26
interactive-short-5,6869.0,5625.0,976-44372,4.03,7889.2,6147.5,1467-46971,3.54,1662.4,1476.5,1292-2601,1.33,1666.2,1594.0,1262-2422,1.29,1345.4,1449.0,916-2328,1.47,1.15,0.24,0.24,0.2
interactive-short-6,,,-,,,,-,,,,-,,,,-,,,,-,,,,,
interactive-short-7,,,-,,,,-,,,,-,,,,-,,,,-,,,,,
