template,par2::default,par2::adaptive,par2::adaptive-derived-resources,vs_default::adaptive,vs_default::adaptive-derived-resources
interactive-discover-1,2096.5,1406.3,920.1,0.67,0.44
interactive-discover-2,1813.3,1141.9,860.3,0.63,0.47
interactive-discover-3,158333.8,126898.3,116373.0,0.8,0.73
interactive-discover-4,1976.2,1374.8,906.3,0.7,0.46
interactive-discover-5,1400.7,1205.7,728.2,0.86,0.52
interactive-discover-6,149859.6,45177.6,42630.7,0.3,0.28
interactive-discover-7,241935.3,241048.3,63734.2,1.0,0.26
interactive-discover-8,21853.3,1346.8,541.5,0.06,0.02
interactive-short-1,1269.7,1246.9,893.6,0.98,0.7
interactive-short-2,600000.0,600000.0,600000.0,1.0,1.0
interactive-short-3,600000.0,600000.0,600000.0,1.0,1.0
interactive-short-4,393.7,362.4,370.6,0.92,0.94
interactive-short-5,14640.4,15701.0,1010.4,1.07,0.07
interactive-short-6,600000.0,600000.0,600000.0,1.0,1.0
interactive-short-7,600000.0,600000.0,600000.0,1.0,1.0
