template,covered::default,geomean::default,pooled_median::default,instance_range::default,geo_sd::default,covered::adaptive,geomean::adaptive,pooled_median::adaptive,instance_range::adaptive,geo_sd::adaptive,covered::adaptive-derived-resources,geomean::adaptive-derived-resources,pooled_median::adaptive-derived-resources,instance_range::adaptive-derived-resources,geo_sd::adaptive-derived-resources,vs_default::adaptive,vs_default::adaptive-derived-resources
interactive-discover-1,5/5,1877.9,1650.0,1364-2890,1.4,5/5,1234.2,1336.5,972-1478,1.19,5/5,798.9,710.5,608-1229,1.39,0.66,0.43
interactive-discover-2,5/5,1675.6,1593.0,1054-2569,1.51,5/5,1115.9,1126.5,944-1334,1.15,5/5,804.7,684.0,610-1208,1.39,0.67,0.48
interactive-discover-3,5/5,124912.3,114946.5,94245-187166,1.29,5/5,123583.0,114273.0,92864-186684,1.3,5/5,112159.1,105574.5,82702-171175,1.31,0.99,0.9
interactive-discover-4,5/5,1859.6,1856.0,1218-2744,1.46,5/5,1321.0,1267.5,1078-1594,1.2,5/5,847.0,679.5,612-1316,1.48,0.71,0.46
interactive-discover-5,5/5,1315.0,1257.0,1136-1556,1.17,5/5,1194.4,1244.0,974-1410,1.15,5/5,706.4,597.0,568-1026,1.32,0.91,0.54
interactive-discover-6,4/5,6448.2,2827.5,1462-141627,8.06,5/5,7793.7,1425.5,1232-110602,11.26,5/5,5321.4,1072.5,593-105442,15.39,1.21,0.83
interactive-discover-7,3/5,2712.7,2350.5,1454-5839,2.03,3/5,1686.4,1655.0,1305-2220,1.31,5/5,6317.1,1064.0,614-159382,19.1,0.62,2.33
interactive-discover-8,5/5,17074.7,19596.0,6906-44203,2.19,5/5,791.7,515.5,479-4476,2.64,5/5,460.1,393.5,270-1108,1.82,0.05,0.03
interactive-short-1,5/5,1207.4,1217.0,994-1414,1.15,5/5,1193.5,1242.5,1010-1384,1.13,5/5,867.5,752.5,708-1204,1.28,0.99,0.72
interactive-short-2,-,,,-,,-,,,-,,-,,,-,,,
interactive-short-3,-,,,-,,-,,,-,,-,,,-,,,
interactive-short-4,5/5,312.3,238.0,222-561,1.59,5/5,307.6,238.5,220-556,1.58,5/5,326.6,256.0,238-559,1.51,0.98,1.05
interactive-short-5,5/5,7135.9,5665.0,1001-47894,4.12,5/5,7622.6,5949.5,1000-50956,4.28,5/5,884.2,779.5,521-1751,1.59,1.07,0.12
interactive-short-6,-,,,-,,-,,,-,,-,,,-,,,
interactive-short-7,-,,,-,,-,,,-,,-,,,-,,,
