template,par2::default,par2::derived-resources,vs_default::derived-resources
interactive-discover-1,2052.6,1835.0,0.89
interactive-discover-2,1873.6,600000.0,320.23
interactive-discover-3,132971.1,600000.0,4.51
interactive-discover-4,1841.7,600000.0,325.78
interactive-discover-5,1400.4,1405.7,1.0
interactive-discover-6,179543.9,50684.6,0.28
interactive-discover-7,242022.3,241505.5,1.0
interactive-discover-8,21465.7,600000.0,27.95
interactive-short-1,1446.4,600000.0,414.81
interactive-short-2,600000.0,600000.0,1.0
interactive-short-3,600000.0,600000.0,1.0
interactive-short-4,380.5,408.0,1.07
interactive-short-5,14051.8,2950.5,0.21
interactive-short-6,600000.0,600000.0,1.0
interactive-short-7,600000.0,600000.0,1.0
