template,geomean::default,pooled_median::default,instance_range::default,geo_sd::default,geomean::derived-resources,pooled_median::derived-resources,instance_range::derived-resources,geo_sd::derived-resources,vs_default::derived-resources
interactive-discover-1,87.1,91.0,61-103,1.24,48.9,34.0,32-96,1.74,0.56
interactive-discover-2,87.1,91.0,61-103,1.24,,,-,,
interactive-discover-3,359.5,357.0,255-473,1.25,,,-,,
interactive-discover-4,105.4,109.0,71-135,1.3,,,-,,
interactive-discover-5,87.1,91.0,61-103,1.24,44.4,30.0,28-92,1.83,0.51
interactive-discover-6,302.5,91.0,87-10467,10.63,390.9,82.0,30-11121,21.84,1.29
interactive-discover-7,92.8,91.0,87-101,1.08,44.1,32.0,32-84,1.75,0.48
interactive-discover-8,41.0,42.5,30-63,1.35,,,-,,
interactive-short-1,89.2,93.0,63-105,1.23,,,-,,
interactive-short-2,,,-,,,,-,,
interactive-short-3,,,-,,,,-,,
interactive-short-4,7.7,3.0,3-37,3.65,9.3,4.0,4-38,3.17,1.2
interactive-short-5,567.8,530.0,46-4572,5.31,56.9,44.0,38-98,1.63,0.1
interactive-short-6,,,-,,,,-,,
interactive-short-7,,,-,,,,-,,
