template,engine,instances,ratio_geomean,ratio_min,ratio_max,direction_agrees,straddles_break_even
interactive-discover-1,adaptive,5,0.66,0.51,0.82,5/5,no
interactive-discover-1,adaptive-derived-resources,5,0.43,0.4,0.45,5/5,no
interactive-discover-2,adaptive,5,0.67,0.47,0.97,5/5,no
interactive-discover-2,adaptive-derived-resources,5,0.48,0.43,0.58,5/5,no
interactive-discover-3,adaptive,5,0.99,0.98,1.0,5/5,no
interactive-discover-3,adaptive-derived-resources,5,0.9,0.88,0.91,5/5,no
interactive-discover-4,adaptive,5,0.71,0.58,0.97,5/5,no
interactive-discover-4,adaptive-derived-resources,5,0.46,0.37,0.51,5/5,no
interactive-discover-5,adaptive,5,0.91,0.82,0.99,5/5,no
interactive-discover-5,adaptive-derived-resources,5,0.54,0.45,0.66,5/5,no
interactive-discover-6,adaptive,4,0.62,0.43,0.84,4/4,no
interactive-discover-6,adaptive-derived-resources,4,0.39,0.24,0.74,4/4,no
interactive-discover-7,adaptive,3,0.62,0.38,0.9,3/3,no
interactive-discover-7,adaptive-derived-resources,3,0.27,0.18,0.42,3/3,no
interactive-discover-8,adaptive,5,0.05,0.01,0.16,5/5,no
interactive-discover-8,adaptive-derived-resources,5,0.03,0.01,0.07,5/5,no
interactive-short-1,adaptive,5,0.99,0.93,1.03,3/5,yes
interactive-short-1,adaptive-derived-resources,5,0.72,0.6,0.85,5/5,no
interactive-short-4,adaptive,5,0.98,0.96,1.0,4/5,no
interactive-short-4,adaptive-derived-resources,5,1.05,0.98,1.12,3/5,yes
interactive-short-5,adaptive,5,1.07,1.0,1.21,4/5,yes
interactive-short-5,adaptive-derived-resources,5,0.12,0.04,0.52,5/5,no
