template,instances_used,to_first_result::default,to_last_result::default,streaming_span::default,after_last_result::default,to_first_result::adaptive,to_last_result::adaptive,streaming_span::adaptive,after_last_result::adaptive,to_first_result::adaptive-derived-resources,to_last_result::adaptive-derived-resources,streaming_span::adaptive-derived-resources,after_last_result::adaptive-derived-resources,startup_delta_ms::adaptive,to_last_ratio::adaptive,startup_delta_ms::adaptive-derived-resources,to_last_ratio::adaptive-derived-resources
interactive-discover-1,5,513.2,774.9,261.7,1103.0,460.7,515.7,55.0,718.5,278.7,279.1,0.4,519.8,-52.4,0.67,-234.5,0.36
interactive-discover-2,5,582.3,1365.4,783.1,310.2,425.8,703.9,278.1,412.0,295.0,324.4,29.5,480.2,-156.5,0.52,-287.3,0.24
interactive-discover-3,5,124903.5,124911.6,8.1,0.7,123578.0,123582.0,4.0,1.0,112154.1,112158.3,4.2,0.8,-1325.5,0.99,-12749.4,0.9
interactive-discover-4,5,1859.3,1859.3,0.1,0.3,1319.1,1319.3,0.2,1.7,846.1,846.2,0.1,0.9,-540.2,0.71,-1013.1,0.46
interactive-discover-5,5,562.7,1028.8,466.2,286.2,524.4,686.2,161.7,508.2,390.1,426.5,36.4,279.9,-38.2,0.67,-172.5,0.41
interactive-discover-6,4,1548.7,1835.6,286.9,4612.6,940.5,987.5,47.0,3030.7,546.0,591.1,45.1,1934.8,-608.2,0.54,-1002.7,0.32
interactive-discover-7,3,1938.2,1938.2,0.0,774.5,1300.5,1300.5,0.0,385.9,559.5,559.5,0.0,178.0,-637.7,0.67,-1378.8,0.29
interactive-discover-8,5,6023.0,16261.9,10238.9,812.7,460.3,788.2,328.0,3.5,418.0,457.4,39.4,2.7,-5562.7,0.05,-5605.0,0.03
interactive-short-1,5,333.9,333.9,0.0,873.5,328.8,328.8,0.0,864.6,384.8,384.8,0.0,482.7,-5.1,0.98,50.9,1.15
interactive-short-4,5,137.4,137.4,0.0,174.9,134.5,134.5,0.0,173.1,159.0,159.0,0.0,167.6,-2.9,0.98,21.7,1.16
interactive-short-5,5,372.0,372.0,0.0,6763.9,368.9,368.9,0.0,7253.7,395.9,395.9,0.0,488.3,-3.1,0.99,23.9,1.06
