template,completed::adaptive,timeout::adaptive,crash::adaptive,unsupported::adaptive,completed::derived-resource,timeout::derived-resource,crash::derived-resource,unsupported::derived-resource,completed::derived-resource-v2,timeout::derived-resource-v2,crash::derived-resource-v2,unsupported::derived-resource-v2
interactive-discover-1,30/30,0,0,0,30/30,0,0,0,30/30,0,0,0
interactive-discover-2,30/30,0,0,0,30/30,0,0,0,0/30,0,30,0
interactive-discover-3,30/30,0,0,0,30/30,0,0,0,0/30,0,30,0
interactive-discover-4,30/30,0,0,0,30/30,0,0,0,0/30,0,30,0
interactive-discover-5,30/30,0,0,0,30/30,0,0,0,30/30,0,0,0
interactive-discover-6,30/30,0,0,0,25/30,0,5,0,30/30,0,0,0
interactive-discover-7,18/30,12,0,0,18/30,12,0,0,18/30,12,0,0
interactive-discover-8,27/30,3,0,0,30/30,0,0,0,0/30,0,30,0
interactive-short-1,30/30,0,0,0,30/30,0,0,0,0/30,0,30,0
interactive-short-2,0/30,0,0,30,0/30,0,0,30,0/30,0,0,30
interactive-short-3,0/30,30,0,0,0/30,30,0,0,0/30,30,0,0
interactive-short-4,30/30,0,0,0,30/30,0,0,0,30/30,0,0,0
interactive-short-5,30/30,0,0,0,30/30,0,0,0,30/30,0,0,0
interactive-short-6,0/30,30,0,0,0/30,30,0,0,0/30,30,0,0
interactive-short-7,0/30,30,0,0,0/30,30,0,0,0/30,30,0,0
