template,par2::adaptive,par2::derived-resource,par2::derived-resource-v2,vs_adaptive::derived-resource,vs_adaptive::derived-resource-v2
interactive-discover-1,1953.1,1719.2,1835.0,0.88,0.94
interactive-discover-2,1682.3,1553.5,600000.0,0.92,356.66
interactive-discover-3,109368.8,109037.7,600000.0,1.0,5.49
interactive-discover-4,1705.5,1522.5,600000.0,0.89,351.8
interactive-discover-5,1578.9,1287.6,1405.7,0.82,0.89
interactive-discover-6,46950.4,138427.6,50684.6,2.95,1.08
interactive-discover-7,241523.7,241800.6,241505.5,1.0,1.0
interactive-discover-8,62900.7,2389.5,600000.0,0.04,9.54
interactive-short-1,1649.1,2304.6,600000.0,1.4,363.83
interactive-short-2,600000.0,600000.0,600000.0,1.0,1.0
interactive-short-3,600000.0,600000.0,600000.0,1.0,1.0
interactive-short-4,397.9,950.0,408.0,2.39,1.03
interactive-short-5,14721.9,4524.6,2950.5,0.31,0.2
interactive-short-6,600000.0,600000.0,600000.0,1.0,1.0
interactive-short-7,600000.0,600000.0,600000.0,1.0,1.0
