template,geomean::adaptive,pooled_median::adaptive,instance_range::adaptive,geo_sd::adaptive,geomean::derived-resource,pooled_median::derived-resource,instance_range::derived-resource,geo_sd::derived-resource,geomean::derived-resource-v2,pooled_median::derived-resource-v2,instance_range::derived-resource-v2,geo_sd::derived-resource-v2,vs_adaptive::derived-resource,vs_adaptive::derived-resource-v2
interactive-discover-1,117.6,121.0,91-133,1.17,50.1,35.0,33-97,1.73,48.9,34.0,32-96,1.74,0.43,0.42
interactive-discover-2,117.6,121.0,91-133,1.17,51.2,36.0,34-98,1.71,,,-,,0.44,
interactive-discover-3,390.1,387.0,285-503,1.23,319.7,346.0,198-444,1.37,,,-,,0.82,
interactive-discover-4,136.1,139.0,101-165,1.22,64.5,44.0,40-128,1.84,,,-,,0.47,
interactive-discover-5,117.6,121.0,91-133,1.17,45.6,31.0,29-93,1.81,44.4,30.0,28-92,1.83,0.39,0.38
interactive-discover-6,727.7,131.0,117-10497,11.43,396.8,83.0,31-11118,21.5,390.9,82.0,30-11121,21.84,0.55,0.54
interactive-discover-7,122.9,121.0,117-131,1.06,45.2,33.0,33-85,1.73,44.1,32.0,32-84,1.75,0.37,0.36
interactive-discover-8,29.1,35.0,7-118,3.67,48.0,42.5,30-136,1.86,,,-,,1.65,
interactive-short-1,119.6,123.0,93-135,1.16,66.4,50.0,48-112,1.53,,,-,,0.56,
interactive-short-2,,,-,,,,-,,,,-,,,
interactive-short-3,,,-,,,,-,,,,-,,,
interactive-short-4,7.7,3.0,3-37,3.65,9.3,4.0,4-38,3.17,9.3,4.0,4-38,3.17,1.2,1.2
interactive-short-5,646.8,560.0,76-4602,4.42,58.0,45.0,39-99,1.62,56.9,44.0,38-98,1.63,0.09,0.09
interactive-short-6,,,-,,,,-,,,,-,,,
interactive-short-7,,,-,,,,-,,,,-,,,
