template,median_delivered::adaptive,from_failed_runs::adaptive,median_throughput_per_s::adaptive,median_delivered::derived-resource,from_failed_runs::derived-resource,median_throughput_per_s::derived-resource,median_delivered::derived-resource-v2,from_failed_runs::derived-resource-v2,median_throughput_per_s::derived-resource-v2
interactive-discover-1,6.0,-,2.94,6.0,-,3.19,6.0,-,3.02
interactive-discover-2,66.0,-,34.59,66.0,-,37.14,66.0,2640 over 30 runs,
interactive-discover-3,68.0,-,0.7,68.0,-,0.71,68.0,3126 over 30 runs,
interactive-discover-4,3.0,-,2.09,3.0,-,2.67,3.0,126 over 30 runs,
interactive-discover-5,4.0,-,3.18,4.0,-,3.66,4.0,-,3.36
interactive-discover-6,2.0,-,0.53,2.0,10 over 5 runs,0.86,2.0,-,0.79
interactive-discover-7,1.0,24 over 12 runs,0.39,1.0,24 over 12 runs,0.35,1.0,24 over 12 runs,0.45
interactive-discover-8,10.0,18 over 3 runs,5.07,10.0,-,6.85,10.0,300 over 30 runs,
interactive-short-1,1.0,-,0.61,1.0,-,0.53,1.0,30 over 30 runs,
interactive-short-2,0.0,0 over 30 runs,,0.0,0 over 30 runs,,0.0,0 over 30 runs,
interactive-short-3,13.0,358 over 30 runs,,16.5,827 over 30 runs,,14.0,387 over 30 runs,
interactive-short-4,1.0,-,4.12,1.0,-,1.48,1.0,-,3.74
interactive-short-5,1.0,-,0.16,4.0,-,2.71,1.0,-,0.63
interactive-short-6,0.0,12 over 30 runs,,0.0,24 over 30 runs,,0.0,12 over 30 runs,
interactive-short-7,0.0,0 over 30 runs,,0.0,0 over 30 runs,,0.0,0 over 30 runs,
