template,geomean::default,pooled_median::default,instance_range::default,geo_sd::default,geomean::adaptive,pooled_median::adaptive,instance_range::adaptive,geo_sd::adaptive,geomean::adaptive-derived-resources,pooled_median::adaptive-derived-resources,instance_range::adaptive-derived-resources,geo_sd::adaptive-derived-resources,geomean::adaptive-derived-resources-no-chain,pooled_median::adaptive-derived-resources-no-chain,instance_range::adaptive-derived-resources-no-chain,geo_sd::adaptive-derived-resources-no-chain,geomean::adaptive-derived-resources-pattern-only,pooled_median::adaptive-derived-resources-pattern-only,instance_range::adaptive-derived-resources-pattern-only,geo_sd::adaptive-derived-resources-pattern-only,vs_default::adaptive,vs_default::adaptive-derived-resources,vs_default::adaptive-derived-resources-no-chain,vs_default::adaptive-derived-resources-pattern-only
interactive-discover-1,1914.5,1730.5,1321-2882,1.42,1802.5,1801.0,1650-2042,1.09,1471.1,1654.0,1278-1879,1.2,1515.8,1531.0,1299-1950,1.21,1438.6,1504.5,1196-1872,1.24,0.94,0.77,0.79,0.75
interactive-discover-2,1813.0,1794.0,1108-2917,1.56,1655.6,1674.5,1467-1908,1.11,1463.4,1360.5,1220-1881,1.23,1420.7,1314.5,1217-1741,1.2,1393.1,1271.5,1187-1705,1.2,0.91,0.81,0.78,0.77
interactive-discover-3,108099.5,98597.0,81369-163758,1.3,107064.7,98258.0,80692-160384,1.29,105798.6,96781.5,78990-160668,1.31,104894.4,97451.5,75720-159761,1.32,106949.0,99197.0,79612-160134,1.3,0.99,0.98,0.97,0.99
interactive-discover-4,1626.6,1546.0,1092-2414,1.42,1605.1,1670.5,1432-1831,1.13,1421.4,1296.5,1122-1924,1.32,1436.0,1321.5,1132-1918,1.3,1490.4,1298.0,1182-2032,1.32,0.99,0.87,0.88,0.92
interactive-discover-5,1230.2,1151.0,996-1674,1.27,1483.1,1489.0,1258-1706,1.13,1259.3,1106.0,1052-1635,1.25,1262.9,1126.5,1066-1606,1.23,1200.3,1063.0,1016-1536,1.22,1.21,1.02,1.03,0.98
interactive-discover-6,7596.0,2669.0,1590-139503,7.46,9770.0,2041.5,1748-115911,9.48,10388.3,3068.0,1150-178702,13.1,10306.6,2991.0,1162-168985,12.77,9121.1,1704.5,1129-174875,14.45,1.29,1.37,1.36,1.2
interactive-discover-7,2978.0,2679.0,1598-6168,1.98,2420.6,2549.5,1828-3060,1.3,2787.4,2826.5,1980-3452,1.35,2329.4,2425.0,1678-2941,1.34,2129.3,1988.0,1604-3071,1.39,0.81,0.94,0.78,0.72
interactive-discover-8,17768.4,20866.0,7572-46668,2.22,2205.9,1971.0,762-8589,2.85,1786.3,1459.0,1004-5698,2.05,1796.6,1373.0,988-5576,2.11,1677.0,1173.5,956-5457,2.08,0.12,0.1,0.1,0.09
interactive-short-1,1280.1,1293.5,1112-1538,1.16,1561.8,1646.5,1265-1898,1.18,1946.3,1886.0,1732-2300,1.14,1946.8,1896.0,1732-2408,1.17,1830.0,1722.5,1628-2206,1.16,1.22,1.52,1.52,1.43
interactive-short-2,,,-,,,,-,,,,-,,,,-,,,,-,,,,,
interactive-short-3,,,-,,,,-,,,,-,,,,-,,,,-,,,,,
interactive-short-4,327.2,234.5,215-672,1.71,328.9,242.5,215-692,1.73,501.8,677.0,330-914,1.62,505.7,573.5,316-956,1.6,558.3,769.5,324-888,1.66,1.0,1.53,1.55,1.71
interactive-short-5,6869.0,5625.0,976-44372,4.03,7889.2,6147.5,1467-46971,3.54,1662.4,1476.5,1292-2601,1.33,1655.3,1613.0,1306-2474,1.3,1561.7,1451.0,1256-2440,1.33,1.15,0.24,0.24,0.23
interactive-short-6,,,-,,,,-,,,,-,,,,-,,,,-,,,,,
interactive-short-7,,,-,,,,-,,,,-,,,,-,,,,-,,,,,
