template,median_delivered::default,from_failed_runs::default,median_throughput_per_s::default,median_delivered::adaptive,from_failed_runs::adaptive,median_throughput_per_s::adaptive,median_delivered::adaptive-derived-resources,from_failed_runs::adaptive-derived-resources,median_throughput_per_s::adaptive-derived-resources,median_delivered::adaptive-derived-resources-no-chain,from_failed_runs::adaptive-derived-resources-no-chain,median_throughput_per_s::adaptive-derived-resources-no-chain,median_delivered::adaptive-derived-resources-pattern-only,from_failed_runs::adaptive-derived-resources-pattern-only,median_throughput_per_s::adaptive-derived-resources-pattern-only
interactive-discover-1,6.0,-,2.58,6.0,-,2.94,6.0,-,3.19,6.0,-,3.12,6.0,-,3.33
interactive-discover-2,66.0,-,33.6,66.0,-,34.59,66.0,-,37.14,66.0,-,37.91,66.0,-,39.11
interactive-discover-3,68.0,0 over 2 runs,0.7,68.0,-,0.7,68.0,-,0.71,68.0,-,0.73,68.0,-,0.69
interactive-discover-4,3.0,-,2.35,3.0,-,2.09,3.0,-,2.67,3.0,-,2.59,3.0,-,2.51
interactive-discover-5,4.0,-,4.01,4.0,-,3.18,4.0,-,3.66,4.0,-,3.71,4.0,-,3.79
interactive-discover-6,2.0,208 over 11 runs,0.62,2.0,-,0.53,2.0,10 over 5 runs,0.86,2.0,10 over 5 runs,0.84,2.0,-,0.86
interactive-discover-7,1.0,15 over 12 runs,0.37,1.0,24 over 12 runs,0.39,1.0,24 over 12 runs,0.35,1.0,24 over 12 runs,0.42,1.0,24 over 12 runs,0.5
interactive-discover-8,10.0,-,0.48,10.0,18 over 3 runs,5.07,10.0,-,6.85,10.0,-,7.29,10.0,-,8.52
interactive-short-1,1.0,-,0.77,1.0,-,0.61,1.0,-,0.53,1.0,-,0.53,1.0,-,0.58
interactive-short-2,0.0,0 over 30 runs,,0.0,0 over 30 runs,,0.0,0 over 30 runs,,0.0,0 over 30 runs,,0.0,0 over 30 runs,
interactive-short-3,0.0,0 over 30 runs,,13.0,358 over 30 runs,,16.5,827 over 30 runs,,17.5,830 over 30 runs,,1.5,102 over 30 runs,
interactive-short-4,1.0,-,4.26,1.0,-,4.12,1.0,-,1.48,1.0,-,1.76,1.0,-,1.3
interactive-short-5,1.0,-,0.18,1.0,-,0.16,4.0,-,2.71,4.0,-,2.48,1.0,-,0.69
interactive-short-6,0.0,12 over 30 runs,,0.0,12 over 30 runs,,0.0,24 over 30 runs,,0.0,24 over 30 runs,,0.0,12 over 30 runs,
interactive-short-7,0.0,0 over 30 runs,,0.0,0 over 30 runs,,0.0,0 over 30 runs,,0.0,0 over 30 runs,,0.0,0 over 30 runs,
