engine,error,runs,templates
adaptive,"Unexpected ""!"" at position 0 in state STOP",98,"discover-7, discover-8, short-3, short-6, short-7"
adaptive,Invalid SPARQL endpoint response from http://localhost:3001/sparql (HTTP status 400): Query operation process…,30,short-2
adaptive,terminated,7,"discover-7, short-6, short-7"
adaptive-derived-resources,"Unexpected ""!"" at position 0 in state STOP",100,"discover-7, short-3, short-6, short-7"
adaptive-derived-resources,Invalid SPARQL endpoint response from http://localhost:3001/sparql (HTTP status 400): Query operation process…,30,short-2
adaptive-derived-resources,terminated,7,"discover-6, short-6, short-7"
adaptive-derived-resources-no-chain,"Unexpected ""!"" at position 0 in state STOP",100,"discover-7, short-3, short-6, short-7"
adaptive-derived-resources-no-chain,Invalid SPARQL endpoint response from http://localhost:3001/sparql (HTTP status 400): Query operation process…,30,short-2
adaptive-derived-resources-no-chain,terminated,7,"discover-6, short-6"
adaptive-derived-resources-pattern-only,"Unexpected ""!"" at position 0 in state STOP",101,"discover-7, short-3, short-6, short-7"
adaptive-derived-resources-pattern-only,Invalid SPARQL endpoint response from http://localhost:3001/sparql (HTTP status 400): Query operation process…,30,short-2
adaptive-derived-resources-pattern-only,terminated,1,short-6
default,"Unexpected ""!"" at position 0 in state STOP",104,"discover-3, discover-6, discover-7, short-3, short-6, short-7"
default,Invalid SPARQL endpoint response from http://localhost:3001/sparql (HTTP status 400): Query operation process…,30,short-2
default,terminated,11,"short-3, short-7"
