template,median::default,iqr::default,median::adaptive,iqr::adaptive,median::adaptive-derived-resources,iqr::adaptive-derived-resources,median::adaptive-derived-resources-no-chain,iqr::adaptive-derived-resources-no-chain,median::adaptive-derived-resources-pattern-only,iqr::adaptive-derived-resources-pattern-only,vs_default::adaptive,vs_default::adaptive-derived-resources,vs_default::adaptive-derived-resources-no-chain,vs_default::adaptive-derived-resources-pattern-only
interactive-discover-1,91.0,87-101,121.0,117-131,35.0,33-85,35.0,33-85,34.0,32-84,1.33,0.38,0.38,0.37
interactive-discover-2,91.0,87-101,121.0,117-131,36.0,34-86,36.0,34-86,35.0,33-85,1.33,0.4,0.4,0.38
interactive-discover-3,357.0,355-393,387.0,385-423,346.0,286-384,346.0,286-384,345.0,285-383,1.08,0.97,0.97,0.97
interactive-discover-4,109.0,95-131,139.0,125-161,44.0,40-124,44.0,40-124,43.0,39-123,1.28,0.4,0.4,0.39
interactive-discover-5,91.0,87-101,121.0,117-131,31.0,29-81,31.0,29-81,30.0,28-80,1.33,0.34,0.34,0.33
interactive-discover-6,91.0,87-101,131.0,121-10479,83.0,31-11047,83.0,31-10978,82.0,30-11099,1.44,0.91,0.91,0.9
interactive-discover-7,91.0,87-101,121.0,117-131,33.0,33-85,33.0,33-85,31.0,31-83,1.33,0.36,0.36,0.34
interactive-discover-8,42.5,32-46,35.0,8-76,42.5,31-58,42.0,31-60,39.5,30-51,0.82,1.0,0.99,0.93
interactive-short-1,93.0,89-103,123.0,119-133,50.0,48-100,50.0,48-100,49.0,47-99,1.32,0.54,0.54,0.53
interactive-short-2,,-,,-,,-,,-,,-,,,,
interactive-short-3,,-,,-,,-,,-,,-,,,,
interactive-short-4,3.0,3-27,3.0,3-27,4.0,4-28,4.0,4-28,4.0,4-28,1.0,1.33,1.33,1.33
interactive-short-5,530.0,476-1112,560.0,506-1142,45.0,39-97,45.0,39-97,43.0,37-95,1.06,0.08,0.08,0.08
interactive-short-6,,-,,-,,-,,-,,-,,,,
interactive-short-7,,-,,-,,-,,-,,-,,,,
